cluster_a,cluster_a_name,cluster_b,cluster_b_name,test_statistic,p_value
0,海外日本主力客,1,多目的地長天數高價值客,8.36746934934761,0.0038199719631682766
0,海外日本主力客,2,臨行前快速投保客,72.68840872127107,1.5182318640371476e-17
1,多目的地長天數高價值客,2,臨行前快速投保客,50.037000831548525,1.5087398693002648e-12
