component,explained_variance_ratio
PC1,0.36397816186769094
PC2,0.22176211894237882
PC3,0.1577690847967497
